Date,USD,EUR,GBP,INR,AUD,CAD,SGD,CHF,MYR,JPY,CNY,NZD,THB,HUF,AED,HKD,MXN,ZAR,PHP,SEK,IDR,SAR,BRL,TRY,KES,KRW,EGP,IQD,NOK,KWD,RUB,DKK,PKR,ILS,PLN,QAR,XAU,OMR,COP,CLP,TWD,ARS,CZK,VND,MAD,JOD,BHD,XOF,LKR,UAH,NGN,TND,UGX,RON,BDT,PEN,GEL,XAF,FJD,VEF,BYR,HRK,UZS,BGN,DZD,IRR,DOP,ISK,XAG,CRC,SYP,LYD,JMD,MUR,GHS,AOA,UYU,AFN,LBP,XPF,TTD,LTL,TZS,ALL,XCD,GTQ,NPR,BOB,ZWD,BBD,CUC,LAK,BND,BWP,HNL,PYG,ETB,NAD,PGK,SDG,MOP,NIO,BMD,KZT,PAB,BAM,GYD,YER,MGA,KYD,MZN,RSD,SCR,AMD,SBD,AZN,SLL,TOP,BZD,MWK,GMD,BIF,SOS,HTG,GNF,MVR,MNT,CDF,STD,TJS,KPW,MMK,LSL,LRD,KGS,GIP,XPT,MDL,CUP,KHR,MKD,VUV,MRO,ANG,SZL,CVE,SRD,XPD,SVC,BSD,XDR,RWF,AWG,DJF,BTN,KMF,WST,SPL,ERN,FKP,SHP,JEP,TMT,TVD,IMP,GGP
2013-01-01,1.0000000000,1.3203389420,1.6259456700,0.0182468959,1.0397276441,1.0066894621,0.8189159313,1.0920415510,0.3269976045,0.0115299504,0.1603111985,0.8277997567,0.0326797513,0.0045210752,0.2722570168,0.1290206068,0.0778062652,0.1182135565,0.0243678157,0.1536605792,0.0001038422,0.2666233024,0.4867343037,0.5605739516,0.0116176963,0.0009390175,0.1570824268,0.0008585076,0.1796588500,3.5568230200,0.0327390462,0.1769895872,0.0102805995,0.2680611789,0.3232167547,0.2744916355,1675.8300000042,2.5977400100,0.0005655555,0.0020874940,0.0344163368,0.2032105880,0.0525693258,0.0000480017,0.1199877856,1.4082530120,2.6521024960,0.0020128437,0.0078308840,0.1243009953,0.0064040199,0.6446620453,0.0003710481,0.2973729504,0.0125506936,0.3916975484,0.6031605483,0.0020128437,0.5640204633,0.2325581395,0.0001165379,0.1750145523,0.0005040050,0.6741467382,0.0127307503,0.0000814001,0.0250503357,0.0078137227,30.3494178347,0.0019512200,0.0140845238,0.7923930491,0.0108249362,0.0325415800,0.5241675120,0.0104362904,0.0521380000,0.0197514429,0.0006649038,0.0110644403,0.1557749500,0.3823965889,0.0006323867,0.0094541556,0.3703700621,0.1265260092,0.0114019160,0.1447254800,0.0027631943,0.5000000000,1.0000000000,0.0001250632,0.8189159313,0.1281999946,0.0502510437,0.0002370000,0.0547203200,0.1182135565,0.4840043453,0.2266909682,0.1252627250,0.0414851804,1.0000000000,0.0066470338,1.0000000000,0.6750785815,0.0049043227,0.0046545403,0.0004440599,1.2195120077,0.0338410099,0.0117660034,0.0762189597,0.0024779714,0.1410278336,1.2738855621,0.0002296800,0.5770000000,0.5001711824,0.0031152648,0.0293138702,0.0006539200,0.0006239933,0.0237249647,0.0001425799,0.0650619620,0.0007259933,0.0010926999,0.0000546179,0.2098904583,0.0076991305,0.0011660302,0.1182135565,0.0137775815,0.0210965263,1.6259456700,1540.0399999955,0.0825640011,0.0377358491,0.0002500000,0.0211875220,0.0109774560,0.0033291305,0.5586590367,0.1182135565,0.0120081198,0.3053784815,704.5049999993,0.1142857143,1.0000000000,1.5383434551,0.0015837183,0.5586592179,0.0055860016,0.0182468959,0.0026837917,0.4415000000,6.0000000000,0.0662251698,1.6259456700,1.6259456700,1.6259456700,0.3508771930,1.0397276441,1.6259456700,1.6259456700
2013-01-19,1.0000000000,1.3318239329,1.5863500000,0.0185835000,1.0505500000,1.0084203096,0.8145312373,1.0698619878,0.3318951600,0.0110969317,0.1608105900,0.8367500000,0.0335796100,0.0045420480,0.2722640000,0.1289848249,0.0789381244,0.1125422737,0.0246366500,0.1534895857,0.0001039501,0.2666275613,0.4900279316,0.5683755826,0.0115273775,0.0009450009,0.1514005000,0.0008587400,0.1784869660,3.5501306100,0.0330400000,0.1784821875,0.0102356900,0.2680174747,0.3206669873,0.2746725000,1683.6999511609,2.5997660700,0.0005650000,0.0021190000,0.0345303867,0.2019800000,0.0519922116,0.0000480000,0.1194743147,1.4118315000,2.6521024800,0.0020303525,0.0079020200,0.1233050000,0.0063653800,0.6413955000,0.0003740000,0.3066308931,0.0125630000,0.3916975000,0.6037074700,0.0020303525,0.5705203900,0.2325581395,0.0001155000,0.1761354129,0.0005030000,0.6789405000,0.0127725400,0.0000814000,0.0247525000,0.0077549500,31.8120002747,0.0020330989,0.0140845000,0.7977662642,0.0107470000,0.0325205000,0.5228794000,0.0104265100,0.0518138200,0.0194930000,0.0006640000,0.0111606846,0.1560180600,0.3857228721,0.0006240000,0.0095465000,0.3703700000,0.1272183800,0.0115880000,0.1447253800,0.0027631943,0.5000000000,1.0000000000,0.0001256700,0.8145312373,0.1247999966,0.0502008000,0.0002398500,0.0545821900,0.1125422737,0.4804950000,0.2266908400,0.1252279854,0.0417100000,1.0000000000,0.0066345000,1.0000000000,0.6809507641,0.0049092100,0.0046571200,0.0004480000,1.2195122000,0.0338925000,0.0119070000,0.0768014000,0.0024597900,0.1390824747,1.2742105000,0.0002305000,0.5765000000,0.5012814800,0.0028580000,0.0303308800,0.0006635000,0.0006230000,0.0237247900,0.0001430000,0.0651040000,0.0007205000,0.0010950000,0.0000542888,0.2099915000,0.0075929276,0.0011648200,0.1125422737,0.0134230000,0.0210840000,1.5863500000,1669.4299999951,0.0826120000,0.0377358491,0.0002505000,0.0212371100,0.0111115000,0.0033485000,0.5586590000,0.1125422737,0.0120050000,0.3042169900,720.9950000018,0.1142857143,1.0000000000,1.5338600000,0.0015840000,0.5586592179,0.0055935100,0.0185835000,0.0027071367,0.4425000000,6.0000000000,0.0662251700,1.5863500000,1.5863500000,1.5863500000,0.3508771930,1.0505500000,1.5863500000,1.5863500000
2013-02-06,1.0000000000,1.3526766475,1.5652236426,0.0188375065,1.0322024013,1.0041032465,0.8079291639,1.0988152579,0.3227370064,0.0106890225,0.1603958866,0.8427715866,0.0335824177,0.0046012565,0.2722532947,0.1289597629,0.0789190962,0.1123305379,0.0245281920,0.1572988145,0.0001029866,0.2666434919,0.5031281686,0.5656765512,0.0114159053,0.0009172221,0.1493763247,0.0008591091,0.1819431417,3.5523025747,0.0332337509,0.1813410666,0.0102210382,0.2708235223,0.3236596246,0.2746724352,1675.7569492980,2.5967284330,0.0005585003,0.0021130496,0.0337607424,0.2005857584,0.0533217602,0.0000480077,0.1208340500,1.4119322124,2.6518188684,0.0020621423,0.0079113900,0.1233806818,0.0063584916,0.6470399834,0.0003759490,0.3083242575,0.0127836469,0.3880483068,0.6043463355,0.0020621423,0.5669944107,0.2325581395,0.0001149885,0.1783134893,0.0004989101,0.6901851697,0.0127862202,0.0000814000,0.0245730233,0.0078752167,31.7967246882,0.0019956192,0.0140845637,0.7952304411,0.0108462413,0.0324225822,0.5247970298,0.0104230799,0.0524944327,0.0196156007,0.0006650014,0.0113354303,0.1561572333,0.3917622357,0.0006190093,0.0096829419,0.3703703700,0.1275274408,0.0117720400,0.1445159032,0.0027631943,0.5000000000,1.0000000000,0.0001262788,0.8079291639,0.1243999973,0.0501705837,0.0002416465,0.0544540151,0.1123305379,0.4759452300,0.2266305765,0.1252036533,0.0411438000,1.0000000000,0.0066445419,1.0000000000,0.6916125877,0.0049122560,0.0046718126,0.0004612640,1.2195121984,0.0339797312,0.0121742268,0.0782174284,0.0024628800,0.1390824747,1.2743728901,0.0002316072,0.5789999996,0.4961403813,0.0027798081,0.0294181893,0.0006410028,0.0006275134,0.0235018052,0.0001432581,0.0649772588,0.0007212400,0.0010875818,0.0000550509,0.2100622096,0.0075929276,0.0011675387,0.1123305379,0.0135140554,0.0208743251,1.5652236426,1732.1756976323,0.0832305956,0.0377358491,0.0002510137,0.0212482555,0.0111557102,0.0033528920,0.5586124807,0.1123305379,0.0123228779,0.3053595365,766.9384528599,0.1142857143,1.0000000000,1.5357444702,0.0015848834,0.5586592179,0.0055671609,0.0188375065,0.0027495230,0.4440000006,6.0000000000,0.0662277173,1.5652236426,1.5652236426,1.5652236426,0.3508771930,1.0322024013,1.5652236426,1.5652236426
2013-02-24,1.0000000000,1.3190871917,1.5165500000,0.0184241872,1.0323000000,0.9789046057,0.8081461128,1.0761945760,0.3225598413,0.0107014822,0.1603823515,0.8380000000,0.0335120642,0.0044892371,0.2722718315,0.1289274525,0.0787008071,0.1127536817,0.0245579560,0.1558275612,0.0001030078,0.2667164537,0.5070865343,0.5558025610,0.0114220441,0.0009214042,0.1485155821,0.0008598452,0.1764290686,3.5398230238,0.0329169347,0.1768033946,0.0101988778,0.2693239968,0.3169773044,0.2746800004,1581.2500000092,2.6007802550,0.0005549390,0.0021132713,0.0337609723,0.1988862419,0.0516408893,0.0000479386,0.1181474515,1.4130280911,2.6525198654,0.0020109355,0.0078493000,0.1228652178,0.0063532404,0.6351222753,0.0003752345,0.3011775952,0.0126710596,0.3874467126,0.6050398700,0.0020109355,0.5610145000,0.1591292399,0.0001166861,0.1746053909,0.0004960000,0.6719151300,0.0129315916,0.0000815661,0.0247647344,0.0078670000,28.7500000000,0.0020068232,0.0141542814,0.7908263999,0.0105820106,0.0331125819,0.5235602186,0.0104210000,0.0526870403,0.0192752502,0.0006666667,0.0110539507,0.1574803173,0.3820340569,0.0006127451,0.0094295000,0.3703700000,0.1281640537,0.0115091900,0.1436781601,0.0027631943,0.5000000000,1.0000000000,0.0001271456,0.8081461128,0.1242000014,0.0502008030,0.0002522068,0.0543275000,0.1127536817,0.4747510000,0.2272727223,0.1251722840,0.0411522647,1.0000000000,0.0066577897,1.0000000000,0.6744385717,0.0049701790,0.0046674446,0.0004528986,1.2195120000,0.0333111254,0.0118290000,0.0806776896,0.0024540500,0.1370999962,1.2743730000,0.0002341920,0.5749999881,0.5094762517,0.0027397260,0.0305810390,0.0006451613,0.0006381700,0.0235294118,0.0001440922,0.0658761515,0.0007267442,0.0011111111,0.0000538068,0.2103361400,0.0075929276,0.0011627907,0.1127536817,0.0136054422,0.0209850000,1.5165500000,1609.0600000108,0.0823384078,0.0377358491,0.0002514458,0.0213995294,0.0112107627,0.0033783784,0.5589714817,0.1127536817,0.0120438398,0.3076923077,738.0099999984,0.1142857143,1.0000000000,1.5158405000,0.0015923567,0.5586592179,0.0057240986,0.0184241872,0.0026812473,0.4352000058,6.0000000000,0.0666666667,1.5165500000,1.5165500000,1.5165500000,0.3508771930,1.0323000000,1.5165500000,1.5165500000
2013-03-14,1.0000000000,1.2978229775,1.5043131980,0.0183920539,1.0385635315,0.9741967285,0.8004604918,1.0522379191,0.3212855383,0.0104015783,0.1608203476,0.8205412543,0.0337438976,0.0042665470,0.2722570200,0.1288874512,0.0802779656,0.1088809073,0.0246093812,0.1550575695,0.0001030609,0.2666471671,0.5081826980,0.5513688286,0.0117164700,0.0009008976,0.1473490417,0.0008658100,0.1722705676,3.5118566363,0.0324904267,0.1740271263,0.0102082553,0.2707122118,0.3123628489,0.2746801294,1588.0999763822,2.5977400100,0.0005563656,0.0021201845,0.0336304361,0.1966956763,0.0507706731,0.0000478200,0.1168429244,1.4128291900,2.6528761747,0.0019785184,0.0079208320,0.1230390220,0.0062707991,0.6339144900,0.0003787967,0.2954293696,0.0127053937,0.3855064516,0.6008763103,0.0019785184,0.5595075400,0.1590407000,0.0001156099,0.1710923944,0.0004924300,0.6614059390,0.0126440818,0.0000814200,0.0245225924,0.0078734032,28.7503069266,0.0020020000,0.0141144400,0.7855459523,0.0103148700,0.0318675168,0.5175482400,0.0104198302,0.0526319471,0.0189214900,0.0006649000,0.0108757566,0.1559267100,0.3758755148,0.0006159600,0.0092679880,0.3703703700,0.1281312564,0.0115012500,0.1447254952,0.0027631943,0.5000000000,1.0000000000,0.0001277310,0.8004604918,0.1211000010,0.0505561200,0.0002494200,0.0541785400,0.1088809073,0.4679986300,0.2267576707,0.1251334477,0.0410593354,1.0000000000,0.0066288907,1.0000000000,0.6635663516,0.0049044000,0.0046673400,0.0004549700,1.2195120016,0.0335233900,0.0116102814,0.0858938916,0.0024138354,0.1371999979,1.2742105020,0.0002314800,0.5710000000,0.4950980400,0.0025781200,0.0294181305,0.0006413400,0.0006269700,0.0235293969,0.0001420800,0.0650191673,0.0007196512,0.0010853800,0.0000527844,0.2103449900,0.0075929276,0.0011461400,0.1088809073,0.0134588705,0.0209316201,1.5043131980,1586.9718977943,0.0810057900,0.0377358491,0.0002505395,0.0211659400,0.0109628410,0.0035057100,0.5586592130,0.1088809073,0.0118095160,0.3053783900,767.5431763825,0.1142857143,1.0000000000,1.5004876698,0.0015752300,0.5586592179,0.0055944501,0.0183920539,0.0026380245,0.4364000000,6.0000000000,0.0662251700,1.5043131980,1.5043131980,1.5043131980,0.3508771930,1.0385635315,1.5043131980,1.5043131980
2013-04-01,1.0000000000,1.2855841811,1.5229377923,0.0184211300,1.0420304828,0.9833448659,0.8061339596,1.0569787961,0.3232323464,0.0106836242,0.1612743788,0.8375637982,0.0341122600,0.0042296005,0.2722570168,0.1288110243,0.0810300629,0.1087574324,0.0244888167,0.1536328954,0.0001028172,0.2666453656,0.4957992142,0.5533114087,0.0116959100,0.0008999965,0.1469443076,0.0008599940,0.1716985685,3.5016568962,0.0321503055,0.1722909016,0.0101574294,0.2745538864,0.3073899231,0.2746650400,1599.2373295516,2.5977400100,0.0005490100,0.0021175290,0.0334583546,0.1952364323,0.0498971195,0.0000477800,0.1156721139,1.4114333100,2.6521728200,0.0019598604,0.0079114000,0.1228652600,0.0063061689,0.6267628400,0.0003854944,0.2907026690,0.0127947914,0.3859528100,0.6041635162,0.0019598604,0.5602284900,0.1588840040,0.0001152404,0.1689650401,0.0004891700,0.6554657484,0.0125742000,0.0000814200,0.0243015320,0.0080173488,28.0508580597,0.0020028000,0.0141704400,0.7828095033,0.0102095600,0.0316958000,0.5157863898,0.0104185300,0.0531070048,0.0189897600,0.0006649000,0.0107731954,0.1560235300,0.3723309144,0.0006178824,0.0091827900,0.3703703699,0.1287838600,0.0115144900,0.1447253800,0.0027631943,0.5000000000,1.0000000000,0.0001278236,0.8061339596,0.1212000027,0.0510151936,0.0002495100,0.0540412300,0.1087574324,0.4652511900,0.2267320082,0.1250592469,0.0407083300,1.0000000000,0.0066249880,1.0000000000,0.6573087544,0.0046855800,0.0046601600,0.0004453695,1.2195121923,0.0331675900,0.0114902300,0.0850332200,0.0023915500,0.1365000010,1.2745353100,0.0002318205,0.5710000000,0.4950980336,0.0025819240,0.0303308802,0.0006379603,0.0006339200,0.0235294100,0.0001415300,0.0648929300,0.0007122400,0.0010882700,0.0000523560,0.2103361400,0.0075929276,0.0011370100,0.1087574324,0.0133994500,0.0208502700,1.5229377923,1592.2887898390,0.0806334700,0.0377358491,0.0002508199,0.0207706700,0.0109173600,0.0036463200,0.5586592130,0.1087574324,0.0116310100,0.3053783935,779.1188892195,0.1142857143,1.0000000000,1.5022910100,0.0015727300,0.5586592179,0.0055950774,0.0184211300,0.0026131473,0.4362000000,6.0000000000,0.0709220000,1.5229377923,1.5229377923,1.5229377923,0.3508771930,1.0420304828,1.5229377923,1.5229377923
2013-04-19,1.0000000000,1.3064917309,1.5249481486,0.0185217847,1.0298051689,0.9742246273,0.8084418427,1.0724641266,0.3293834527,0.0100712369,0.1618062956,0.8435671092,0.0348810618,0.0043822120,0.2722758970,0.1288041228,0.0817743994,0.1084071203,0.0243014928,0.1531368824,0.0001030074,0.2666438095,0.4972511992,0.5560152620,0.0119333787,0.0008930652,0.1447556294,0.0008598057,0.1718751097,3.5119364103,0.0316119245,0.1752494475,0.0101597233,0.2755239637,0.3184471742,0.2746655154,1401.1239125469,2.5972784760,0.0005436079,0.0021002703,0.0335421375,0.1937822747,0.0505649668,0.0000479121,0.1174395220,1.4119562921,2.6523926730,0.0019917338,0.0079390330,0.1228057877,0.0063051881,0.6252016937,0.0003905377,0.2995402647,0.0127841574,0.3856610203,0.6042002696,0.0019917338,0.5581958101,0.1590420737,0.0001155381,0.1719117742,0.0004867800,0.6682056999,0.0126074109,0.0000814186,0.0244001388,0.0085684500,23.2335897097,0.0020018868,0.0142455660,0.7830485948,0.0100898469,0.0319571424,0.5096193495,0.0104151600,0.0529123178,0.0187624654,0.0006649290,0.0109484007,0.1557765819,0.3783861593,0.0006140338,0.0093153800,0.3703703700,0.1281481029,0.0115959400,0.1447035157,0.0027631943,0.5000000000,1.0000000000,0.0001306058,0.8084418427,0.1212999970,0.0516661503,0.0002404563,0.0538834006,0.1084071203,0.4587551200,0.2266394548,0.1250525464,0.0404906507,1.0000000000,0.0066166448,1.0000000000,0.6679986149,0.0046855800,0.0046609370,0.0004604373,1.2195120003,0.0328434224,0.0117646401,0.0851549584,0.0023906258,0.1369999945,1.2743728900,0.0002314921,0.5739903914,0.4953890916,0.0024251803,0.0294181306,0.0006420491,0.0006493603,0.0235283117,0.0001417000,0.0651703350,0.0007094902,0.0010867504,0.0000534897,0.2101681600,0.0075929276,0.0011358118,0.1084071203,0.0135149595,0.0206212799,1.5249481486,1422.6929944855,0.0813404956,0.0377358491,0.0002509550,0.0212691749,0.0109491519,0.0037140948,0.5586646766,0.1084071203,0.0119234741,0.3054150064,669.3616524080,0.1142857143,1.0000000000,1.5045512800,0.0015749877,0.5586592179,0.0055720395,0.0185217847,0.0026556451,0.4394190945,6.0000000000,0.0751988389,1.5249481486,1.5249481486,1.5249481486,0.3508771930,1.0298051689,1.5249481486,1.5249481486
2013-05-07,1.0000000000,1.3084080408,1.5467247168,0.0184926750,1.0162201942,0.9947865608,0.8109201951,1.0634254520,0.3352892700,0.0100997528,0.1624438687,0.8442557301,0.0337666866,0.0044314751,0.2722570081,0.1288565717,0.0828107042,0.1109058127,0.0244626289,0.1533050997,0.0001028807,0.2666453376,0.4976564168,0.5569010454,0.0119260600,0.0009182207,0.1437493024,0.0008583724,0.1711983412,3.5164236186,0.0322010403,0.1755699874,0.0101626074,0.2803490339,0.3160296250,0.2746725515,1449.4234650807,2.5970664392,0.0005474962,0.0021270953,0.0336436792,0.1919389520,0.0506410716,0.0000478200,0.1175972370,1.4114333100,2.6523131623,0.0019946552,0.0079104600,0.1228502228,0.0063291200,0.6127451598,0.0003909708,0.3033356306,0.0128294523,0.3831434049,0.6065087000,0.0019946552,0.5673160774,0.1588691585,0.0001150200,0.1728574766,0.0004855450,0.6684450294,0.0126515176,0.0000814840,0.0243597545,0.0085947600,23.8086629827,0.0019996000,0.0142695300,0.7964954462,0.0101484206,0.0318675040,0.5041631267,0.0104102300,0.0528265700,0.0188572416,0.0006649000,0.0109644594,0.1557666400,0.3789411610,0.0006140700,0.0092856512,0.3703703700,0.1285099301,0.0115304200,0.1447254760,0.0027631943,0.5000000000,1.0000000000,0.0001304305,0.8109201951,0.1226999983,0.0521648400,0.0002410000,0.0537956848,0.1109058127,0.4557518935,0.2266805189,0.1251034677,0.0407246187,1.0000000000,0.0066229480,1.0000000000,0.6689784085,0.0048792700,0.0046499769,0.0004566300,1.2195121997,0.0333220180,0.0118258522,0.0849234076,0.0024083695,0.1371999979,1.2743728900,0.0002316395,0.5742000000,0.4950980400,0.0026320500,0.0303260000,0.0006387836,0.0006613931,0.0235294095,0.0001416700,0.0654021848,0.0006968404,0.0010883900,0.0000535189,0.2102300200,0.0075929276,0.0011192000,0.1109058127,0.0133334278,0.0207770600,1.5467247168,1480.2538714417,0.0818344300,0.0377358491,0.0002490715,0.0212104160,0.0109054580,0.0038242200,0.5586592200,0.1109058127,0.0119094400,0.3053783900,682.2025822002,0.1142857143,1.0000000000,1.5072726000,0.0015480500,0.5586592179,0.0055962794,0.0184926750,0.0026595403,0.4418000000,6.0000000000,0.0787401700,1.5467247168,1.5467247168,1.5467247168,0.3508771930,1.0162201942,1.5467247168,1.5467247168
2013-05-25,1.0000000000,1.2931926340,1.5126500000,0.0179742973,0.9650000000,0.9694149581,0.7910328516,1.0402309313,0.3296848185,0.0098771285,0.1630855792,0.8099400000,0.0334112927,0.0044687744,0.2722718315,0.1288070535,0.0797658076,0.1044018427,0.0240384624,0.1504482229,0.0001023227,0.2666204525,0.4874244492,0.5417998516,0.0118764850,0.0008863284,0.1432295380,0.0008710801,0.1714795253,3.4876040000,0.0319233831,0.1735568746,0.0101729397,0.2703725734,0.3081949025,0.2747026317,1386.6449999976,2.5974026617,0.0005324814,0.0020445716,0.0334896182,0.1899335281,0.0498846418,0.0000478240,0.1167815056,1.4154281794,2.6539278085,0.0019714595,0.0079145000,0.1229936682,0.0063339243,0.6045949054,0.0003863988,0.2985341994,0.0128733264,0.3734129985,0.6112355000,0.0019714595,0.5430985600,0.1591292399,0.0001154734,0.1717033002,0.0004812500,0.6607507450,0.0126662449,0.0000815661,0.0243902439,0.0081017600,22.4200000000,0.0020048116,0.0142960000,0.7824726152,0.0102165920,0.0322061200,0.5018820709,0.0104015700,0.0529661040,0.0187899282,0.0006666667,0.0108369543,0.1564945260,0.3745344746,0.0006153846,0.0091610000,0.3703703700,0.1282873624,0.0112300000,0.1436781601,0.0027631943,0.5000000000,1.0000000000,0.0001312680,0.7910328516,0.1185000017,0.0527148148,0.0002399232,0.0536203500,0.1044018427,0.4519947400,0.2283104963,0.1250553917,0.0406586716,1.0000000000,0.0066291015,1.0000000000,0.6611988946,0.0048673644,0.0046609181,0.0004551661,1.2195120000,0.0336700328,0.0116617400,0.0856604436,0.0023968800,0.1372999996,1.2745355000,0.0002338087,0.5649999976,0.5102821891,0.0024390244,0.0303030303,0.0006447453,0.0006795000,0.0235404899,0.0001450747,0.0660066023,0.0007057163,0.0011001100,0.0000529465,0.2102653800,0.0075929276,0.0010593220,0.1044018427,0.0136091447,0.0207087800,1.5126500000,1453.5850000010,0.0803535576,0.0377358491,0.0002511301,0.0210084040,0.0107874869,0.0038242200,0.5590339889,0.1044018427,0.0118371207,0.3076923077,726.6599999982,0.1142857143,1.0000000000,1.4944333100,0.0015625000,0.5586592179,0.0057240986,0.0179742973,0.0026286126,0.4248000085,6.0000000000,0.0862068937,1.5126500000,1.5126500000,1.5126500000,0.3508771930,0.9650000000,1.5126500000,1.5126500000
2013-06-12,1.0000000000,1.3357517998,1.5694609454,0.0172996950,0.9511362773,0.9803622129,0.7989156363,1.0898066498,0.3192850941,0.0104986060,0.1629685337,0.7976306569,0.0323161177,0.0045170160,0.2722681004,0.1287757210,0.0777966816,0.0997779874,0.0232394153,0.1541934959,0.0001014489,0.2666443617,0.4677662964,0.5325009945,0.0116959132,0.0008865161,0.1430103780,0.0008598476,0.1743964465,3.5236516578,0.0310752455,0.1791014005,0.0101499520,0.2759707615,0.3138192960,0.2746875450,1392.6104123500,2.6001014294,0.0005264738,0.0020003620,0.0334982018,0.1882690283,0.0521953913,0.0000476100,0.1192505226,1.4119308210,2.6518166556,0.0020363405,0.0078493000,0.1227747111,0.0062471941,0.6169032530,0.0003868535,0.2976728452,0.0128411142,0.3638344616,0.6035784980,0.0020363405,0.5405154614,0.1590406745,0.0001146583,0.1789167980,0.0004796892,0.6805167305,0.0127029956,0.0000814000,0.0242191017,0.0082911900,21.9383008810,0.0019869360,0.0100573386,0.7905137684,0.0100453358,0.0320553679,0.4981323971,0.0103918400,0.0487806397,0.0185597976,0.0006616930,0.0111936001,0.1555246437,0.3868604610,0.0006114370,0.0094461300,0.3703703700,0.1275402884,0.0108169800,0.1437233419,0.0027631943,0.5000000000,1.0000000000,0.0001300857,0.7989156363,0.1163000017,0.0492562296,0.0002275290,0.0534881300,0.0997779874,0.4467506200,0.2271446047,0.1250249719,0.0400643480,1.0000000000,0.0065981491,1.0000000000,0.6829590505,0.0049167997,0.0046533278,0.0004619021,1.2195122000,0.0341884843,0.0116917203,0.0841095778,0.0023968490,0.1372999996,1.2745353100,0.0002309639,0.5552998972,0.5020783558,0.0030703800,0.0275223356,0.0006493634,0.0007007489,0.0231267351,0.0001424800,0.0652288506,0.0007044775,0.0010940421,0.0000541419,0.2100622000,0.0075929276,0.0010610125,0.0997779874,0.0134231171,0.0205664400,1.5694609454,1483.2968912936,0.0808087457,0.0377358491,0.0002508074,0.0215622570,0.0105435468,0.0038242200,0.5643646589,0.0997779874,0.0121051095,0.3053528987,754.8674049841,0.1142857143,1.0000000000,1.5247389000,0.0015395724,0.5586592179,0.0056296527,0.0172996950,0.0027151207,0.4298000019,6.0000000000,0.0944328673,1.5694609454,1.5694609454,1.5694609454,0.3508771930,0.9511362773,1.5694609454,1.5694609454
2013-06-30,1.0000000000,1.3009653507,1.5210000000,0.0167993815,0.9142500000,0.9506155236,0.7888052755,1.0582626502,0.3165558801,0.0100821697,0.1629407547,0.7745900000,0.0321543404,0.0044077135,0.2722570034,0.1289280343,0.0772123262,0.1011989034,0.0232072406,0.1493073260,0.0001007166,0.2666417801,0.4479885315,0.5190760547,0.0116890703,0.0008753118,0.1424643486,0.0008619204,0.1646253128,3.5137035712,0.0304550000,0.1744938805,0.0100553045,0.2744689027,0.3009464767,0.2746875377,1235.0049999980,2.5974026617,0.0005203455,0.0019696671,0.0331367221,0.1856320743,0.0500375281,0.0000472478,0.1177024442,1.4134275999,2.6532237550,0.0019833089,0.0076690000,0.1226542395,0.0061690312,0.6081985281,0.0003861004,0.2920475520,0.0128617363,0.3597769373,0.6057559000,0.0019833089,0.5290000000,0.1591292399,0.0001137915,0.1755895471,0.0004777600,0.6661293223,0.0126839174,0.0000815661,0.0240500230,0.0081105000,19.6500000000,0.0020262604,0.0099780482,0.7864726754,0.0099601592,0.0322580645,0.4938271372,0.0103832100,0.0494559859,0.0181983619,0.0006635700,0.0109020896,0.1567398091,0.3767856090,0.0006146281,0.0092601167,0.3703703700,0.1276731570,0.0104495000,0.1457725919,0.0027631943,0.5000000000,1.0000000000,0.0001291990,0.7888052755,0.1159999967,0.0493827160,0.0002242152,0.0533750800,0.1011989034,0.4447520000,0.2277904397,0.1251728488,0.0404776362,1.0000000000,0.0065897858,1.0000000000,0.6651730216,0.0049517208,0.0046544099,0.0004562044,1.2194667164,0.0338409484,0.0114510000,0.0851933896,0.0024396300,0.1373992878,1.2746975000,0.0002337541,0.5389999747,0.4974897307,0.0030731408,0.0293685763,0.0006535948,0.0007165000,0.0236966820,0.0001474926,0.0662690517,0.0006968641,0.0011074197,0.0000534188,0.2098860000,0.0076977401,0.0010319917,0.1011989034,0.0135135135,0.0205588300,1.5210000000,1340.7000000058,0.0800320135,0.0377358491,0.0002442002,0.0212449545,0.0105263158,0.0033898305,0.5747787180,0.1011989034,0.0119260587,0.3076923077,659.9849999982,0.1142857143,1.0000000000,1.5012760000,0.0015503876,0.5586592179,0.0057240986,0.0167993815,0.0026444119,0.4214999974,6.0000000000,0.0947867500,1.5210000000,1.5210000000,1.5210000000,0.3508771930,0.9142500000,1.5210000000,1.5210000000
2013-07-18,1.0000000000,1.3078514498,1.5192627600,0.0167695418,0.9152039884,0.9620621974,0.7888296027,1.0562559909,0.3130439324,0.0099405466,0.1627402748,0.7881728554,0.0322011488,0.0044310763,0.2722534583,0.1289090314,0.0797586726,0.1006828670,0.0230476351,0.1515449875,0.0000989423,0.2666451992,0.4491060076,0.5197766432,0.0115008596,0.0008891953,0.1428048958,0.0008596988,0.1666169130,3.5032431596,0.0308346824,0.1753802432,0.0099238862,0.2790614062,0.3080057036,0.2745982516,1285.0756576584,2.5980640943,0.0005317248,0.0019990006,0.0333882331,0.1837277511,0.0504802083,0.0000470694,0.1174545685,1.4109355189,2.6518279812,0.0019938067,0.0075930200,0.1227747316,0.0061959414,0.6015038843,0.0003871484,0.2954459114,0.0128539046,0.3621877933,0.6042909300,0.0019938067,0.5310147900,0.1590406915,0.0001123940,0.1741522787,0.0004758600,0.6679778701,0.0126275288,0.0000814000,0.0238582173,0.0082440300,19.4798473056,0.0020050900,0.0095510572,0.7785130384,0.0098571964,0.0316995492,0.4895965522,0.0103670600,0.0482394146,0.0178014770,0.0006615973,0.0109597951,0.1555324384,0.3787799611,0.0006159599,0.0093201500,0.3703703700,0.1279345011,0.0104846700,0.1447217432,0.0027631943,0.5000000000,1.0000000000,0.0001282481,0.7888296027,0.1168000028,0.0493310703,0.0002249779,0.0532613582,0.1006828670,0.4380015052,0.2271445554,0.1251543994,0.0395944783,1.0000000000,0.0065411817,1.0000000000,0.6686938281,0.0049288994,0.0046543968,0.0004524942,1.2195121999,0.0330582478,0.0114797380,0.0834034730,0.0024352300,0.1381999999,1.2748602900,0.0002309629,0.5440000142,0.5001497962,0.0030017356,0.0274025000,0.0006493651,0.0007266032,0.0229410415,0.0001448103,0.0652639685,0.0006931252,0.0010940000,0.0000533191,0.2097845838,0.0077053908,0.0010121576,0.1006828670,0.0134231080,0.0204216808,1.5192627600,1414.1596210237,0.0806979077,0.0377358491,0.0002473457,0.0213315300,0.0103632412,0.0034305796,0.5658976440,0.1006828670,0.0119189772,0.3053534460,746.7934855169,0.1142857143,1.0000000000,1.5027425200,0.0015413174,0.5586592179,0.0055665488,0.0167695418,0.0026584089,0.4214999987,6.0000000000,0.0933745920,1.5192627600,1.5192627600,1.5192627600,0.3508771930,0.9152039884,1.5192627600,1.5192627600
2013-08-05,1.0000000000,1.3255764439,1.5344666822,0.0164248459,0.8911590694,0.9622798201,0.7873365732,1.0749555915,0.3094442969,0.0101474460,0.1632087263,0.7796369656,0.0318766295,0.0044353239,0.2722570248,0.1289216531,0.0788818551,0.1014126913,0.0230043484,0.1517569034,0.0000972230,0.2666602717,0.4355432431,0.5176628608,0.0114442741,0.0008961776,0.1429183752,0.0008598495,0.1684709810,3.5088107776,0.0303919078,0.1778038969,0.0098039258,0.2813844830,0.3141722967,0.2745970362,1301.2368779479,2.5980775989,0.0005292608,0.0019489745,0.0333766997,0.1812617589,0.0511372157,0.0000474297,0.1188398351,1.4113344358,2.6532239373,0.0020208283,0.0075959006,0.1229105656,0.0062648843,0.6067226862,0.0003875917,0.3004523267,0.0128411262,0.3585517108,0.6008984900,0.0020208283,0.5270129781,0.1589296750,0.0001125083,0.1762495601,0.0004736100,0.6766496964,0.0125268975,0.0000814000,0.0238305325,0.0084245200,19.7152603059,0.0019839103,0.0094742073,0.7947407211,0.0098767654,0.0323109297,0.4836765760,0.0103477500,0.0471699866,0.0180589136,0.0006619954,0.0111083306,0.1557177916,0.3839134743,0.0006170993,0.0094814700,0.3703703700,0.1275786940,0.0102619500,0.1447246223,0.0027631943,0.5000000000,1.0000000000,0.0001281694,0.7873365732,0.1172999963,0.0490256201,0.0002259899,0.0531662300,0.1014126913,0.4287557397,0.2271453160,0.1251666535,0.0398548777,1.0000000000,0.0065010883,1.0000000000,0.6777564737,0.0049279952,0.0046533297,0.0004570488,1.2195120013,0.0334706333,0.0116535900,0.0838695959,0.0024353418,0.1406085933,1.2746975470,0.0002288573,0.5403000012,0.5028449063,0.0030459039,0.0274025000,0.0006514966,0.0007372796,0.0230414744,0.0001428185,0.0652060521,0.0006655597,0.0010889680,0.0000540103,0.2097361788,0.0076950313,0.0010235669,0.1014126913,0.0133340712,0.0204290100,1.5344666822,1448.8125494596,0.0789277068,0.0377358491,0.0002440737,0.0215203123,0.0103529687,0.0033145920,0.5592121766,0.1014126913,0.0121536381,0.3053595042,734.0752768910,0.1142857143,1.0000000000,1.5129737600,0.0015395372,0.5586592179,0.0055594203,0.0164248459,0.0026944377,0.4204999980,6.0000000000,0.0955110100,1.5344666822,1.5344666822,1.5344666822,0.3508771930,0.8911590694,1.5344666822,1.5344666822
2013-08-23,1.0000000000,1.3390017639,1.5574334239,0.0157365808,0.9033446300,0.9506126952,0.7814242061,1.0859667797,0.3031116880,0.0101419886,0.1633892389,0.7814476938,0.0313577799,0.0044936943,0.2722551604,0.1289446512,0.0769467982,0.0978318019,0.0226116317,0.1541575287,0.0000916743,0.2666429862,0.4209655986,0.5018055486,0.0114181409,0.0008966046,0.1430822166,0.0008611647,0.1660565941,3.5112381646,0.0302942868,0.1795065977,0.0096526247,0.2784237149,0.3169733678,0.2745972814,1396.1677609940,2.5968971115,0.0005230540,0.0019646822,0.0333991386,0.1779755709,0.0521578957,0.0000473054,0.1198107148,1.4128786418,2.6519597646,0.0020412950,0.0075557300,0.1229861225,0.0061938802,0.6131208942,0.0003883548,0.3024108787,0.0128444160,0.3554289319,0.6024165000,0.0020412950,0.5255173200,0.1590406735,0.0001121233,0.1773035478,0.0004727300,0.6825581298,0.0123617592,0.0000814000,0.0235578956,0.0082576400,23.7395865076,0.0019840294,0.0088495688,0.7905137689,0.0098571921,0.0325775819,0.4678375098,0.0104286900,0.0455997608,0.0180995537,0.0006619292,0.0112208348,0.1555230694,0.3878017157,0.0006190059,0.0095557400,0.3703703700,0.1260954569,0.0099159600,0.1447216455,0.0027631943,0.5000000000,1.0000000000,0.0001275596,0.7814242061,0.1151999980,0.0490078272,0.0002246578,0.0530643800,0.0978318019,0.4207505500,0.2271445763,0.1251889818,0.0393931279,1.0000000000,0.0065607122,1.0000000000,0.6846207308,0.0049273361,0.0046565447,0.0004591434,1.2195122000,0.0334448705,0.0117246378,0.0827618825,0.0024625700,0.1416480171,1.2748602900,0.0002309684,0.5376999987,0.5041173015,0.0029875234,0.0283160000,0.0006557538,0.0007621684,0.0229359779,0.0001464718,0.0652513575,0.0006420573,0.0010891668,0.0000544366,0.2098021800,0.0077519155,0.0010266970,0.0978318019,0.0127391101,0.0206095257,1.5574334239,1543.4478550992,0.0785058661,0.0377358491,0.0002444994,0.0216943910,0.0103740001,0.0033500869,0.5614171751,0.0978318019,0.0123003566,0.3053609721,753.1215939990,0.1142857143,1.0000000000,1.5228813000,0.0015414491,0.5586592179,0.0055669758,0.0157365808,0.0027217267,0.4204999902,6.0000000000,0.0955110100,1.5574334239,1.5574334239,1.5574334239,0.3508771930,0.9033446300,1.5574334239,1.5574334239
2013-09-10,1.0000000000,1.3260839330,1.5727842389,0.0157000369,0.9285619105,0.9657554606,0.7882258759,1.0702367491,0.3052037923,0.0099772161,0.1633653339,0.8050257546,0.0311192652,0.0044278138,0.2722503184,0.1289534141,0.0760869364,0.0996687168,0.0228454094,0.1527823412,0.0000891114,0.2666052697,0.4387686922,0.4952791021,0.0114181409,0.0009200963,0.1449981958,0.0008597707,0.1685818468,3.5075625746,0.0303332030,0.1777912908,0.0095420465,0.2790716294,0.3120702599,0.2747464156,1364.6125239900,2.5977379264,0.0005166664,0.0019739726,0.0336712658,0.1750549514,0.0514105172,0.0000474285,0.1191422259,1.4139273419,2.6528718941,0.0020216019,0.0075272900,0.1223241562,0.0060994216,0.6079028509,0.0003883495,0.2971285224,0.0128493590,0.3573983011,0.6024338200,0.0020216019,0.5298050500,0.1590406912,0.0001104789,0.1747665120,0.0004695500,0.6780202128,0.0120898567,0.0000814000,0.0234466625,0.0083472500,22.9935778694,0.0019662753,0.0088535100,0.7867821180,0.0098402042,0.0318714553,0.4613613342,0.0103445400,0.0447427324,0.0179856408,0.0006615944,0.0111125834,0.1552795908,0.3840604533,0.0006194430,0.0094585500,0.3703700000,0.1255886955,0.0097202900,0.1447178047,0.0027631943,0.5000000000,1.0000000000,0.0001271880,0.7882258759,0.1162000000,0.0489716078,0.0002242153,0.0529562000,0.0996687168,0.4084955000,0.2276617057,0.1251974894,0.0400399438,1.0000000000,0.0065114760,1.0000000000,0.6780159487,0.0049276938,0.0046533279,0.0004549646,1.2195122000,0.0334452361,0.0115180041,0.0831186229,0.0024341000,0.1386518101,1.2746977800,0.0002309634,0.5384999758,0.5057396521,0.0029150384,0.0283160000,0.0006502075,0.0007806215,0.0228050594,0.0001465195,0.0654449548,0.0005925963,0.0010905117,0.0000539665,0.2097625700,0.0076909672,0.0010298831,0.0996687168,0.0126906108,0.0203684700,1.5727842389,1473.7965412509,0.0778210096,0.0377358491,0.0002450980,0.0215424424,0.0104118101,0.0034072023,0.5642376583,0.0996687168,0.0122025742,0.3053525723,689.9784802508,0.1142857143,1.0000000000,1.5161852900,0.0015337410,0.5586592179,0.0055669758,0.0157000369,0.0026954692,0.4239999975,6.0000000000,0.0955110100,1.5727842389,1.5727842389,1.5727842389,0.3508771930,0.9285619105,1.5727842389,1.5727842389
2013-09-28,1.0000000000,1.3522010453,1.6143500000,0.0158947134,0.9315000000,0.9702614855,0.7957000370,1.1038989712,0.3099813943,0.0101801894,0.1634200549,0.8280000000,0.0319795326,0.0045252759,0.2722718315,0.1289565481,0.0760922085,0.0992243139,0.0230547550,0.1553978613,0.0000875971,0.2666453350,0.4441187574,0.4916058304,0.0115540146,0.0009301677,0.1451020837,0.0008595496,0.1669417031,3.5398230238,0.0309250000,0.1813236627,0.0094741826,0.2811120794,0.3203947263,0.2747026317,1336.2999999924,2.5974026617,0.0005219207,0.0019864129,0.0338380848,0.1754386024,0.0525613128,0.0000473664,0.1211387021,1.4174344302,2.6525198654,0.0020614172,0.0075743300,0.1225640338,0.0062558646,0.6058769853,0.0003913894,0.3031405360,0.0128667008,0.3593244710,0.6012569400,0.0020614172,0.5380000000,0.1591292399,0.0001101322,0.1776135839,0.0004658300,0.6922882550,0.0122970979,0.0000403372,0.0235849048,0.0082542400,21.7950000000,0.0020257268,0.0088535100,0.8074283414,0.0097751708,0.0328947373,0.4618937726,0.0102438700,0.0461893773,0.0180440280,0.0006622517,0.0113314448,0.1564945260,0.3916244918,0.0006230530,0.0095456281,0.3703700000,0.1260557152,0.0100910800,0.1457725919,0.0027631943,0.5000000000,1.0000000000,0.0001277139,0.7957000370,0.1164000034,0.0489117151,0.0002259887,0.0528666100,0.0992243139,0.3864992000,0.2277904397,0.1252005321,0.0410677612,1.0000000000,0.0065061810,1.0000000000,0.6913694162,0.0049887753,0.0046576619,0.0004478280,1.2473048927,0.0338983051,0.0117900000,0.0845737457,0.0024653700,0.1417620509,1.2746975000,0.0002336449,0.5543000102,0.5088332582,0.0028054425,0.0283160000,0.0006540222,0.0007870000,0.0230414738,0.0001474926,0.0655737705,0.0006184292,0.0011007155,0.0000552792,0.2097010000,0.0078634911,0.0010319917,0.0992243139,0.0127877243,0.0205282700,1.6143500000,1420.4749999919,0.0774293460,0.0377358491,0.0002452784,0.0219780220,0.0106213487,0.0035335689,0.5650356139,0.0992243139,0.0124657191,0.3076923077,729.4100000005,0.1142857143,1.0000000000,1.5343305000,0.0015037594,0.5586592179,0.0057306590,0.0158947134,0.0027485563,0.4235000014,6.0000000000,0.0955110100,1.6143500000,1.6143500000,1.6143500000,0.3508771930,0.9315000000,1.6143500000,1.6143500000
2013-10-16,1.0000000000,1.3493296088,1.5905654260,0.0162130633,0.9529225179,0.9663824806,0.8026693407,1.0917072628,0.3155333243,0.0101114871,0.1639358956,0.8405527460,0.0319925214,0.0045739054,0.2722460308,0.1289538579,0.0777548065,0.1012139643,0.0231726475,0.1537801380,0.0000897109,0.2666332563,0.4623735911,0.5062727555,0.0117713741,0.0009374029,0.1450852400,0.0008583660,0.1661407704,3.5310946053,0.0311339050,0.1809086743,0.0094207117,0.2817834030,0.3239162282,0.2746121199,1273.4197083262,2.5967281851,0.0005319933,0.0020158020,0.0339794196,0.1712188029,0.0525348453,0.0000473810,0.1203480935,1.4119277912,2.6518275954,0.0020570397,0.0076248600,0.1220554173,0.0062366690,0.6076755945,0.0003960380,0.3035871129,0.0128493664,0.3608807448,0.6009477800,0.0020570397,0.5405444900,0.1590406915,0.0001090207,0.1766165081,0.0004621400,0.6898754600,0.0121628708,0.0000402984,0.0234794748,0.0082713000,21.2348490653,0.0020049071,0.0088535100,0.8021320514,0.0096135451,0.0322827992,0.4592427031,0.0102536400,0.0466200552,0.0179117941,0.0006611923,0.0113073821,0.1555404864,0.3907928663,0.0006178581,0.0096598200,0.3703703700,0.1258099065,0.0101371100,0.1447181065,0.0027631943,0.5000000000,1.0000000000,0.0001269334,0.8026693407,0.1175430161,0.0488424332,0.0002237478,0.0527689600,0.1012139643,0.3894991700,0.2271445579,0.1251979203,0.0400074013,1.0000000000,0.0064987986,1.0000000000,0.6899012740,0.0049276833,0.0046532206,0.0004524942,1.2195122000,0.0338330049,0.0118251545,0.0831424700,0.0024576700,0.1393000000,1.2750228300,0.0002304660,0.5526000125,0.5056353220,0.0026254986,0.0283160000,0.0006526735,0.0008101948,0.0231320526,0.0001462493,0.0650618054,0.0005970930,0.0010943386,0.0000552671,0.2096480000,0.0077138794,0.0010267068,0.1012139643,0.0124303121,0.0205372100,1.5905654260,1390.1033109627,0.0764409572,0.0377358491,0.0002450981,0.0220338296,0.0107016870,0.0033841364,0.5640132830,0.1012139643,0.0124688573,0.3053534179,709.7176277248,0.1142857143,1.0000000000,1.5298707400,0.0014965627,0.5586592179,0.0055682921,0.0162130633,0.0027427196,0.4334999640,6.0000000000,0.0955110100,1.5905654260,1.5905654260,1.5905654260,0.3508771930,0.9529225179,1.5905654260,1.5905654260
2013-11-03,1.0000000000,1.3484923439,1.5936000000,0.0161961680,0.9431500000,0.9593246355,0.8046023253,1.0960765938,0.3154574057,0.0101240192,0.1639424890,0.8234000000,0.0320821303,0.0045333484,0.2722940854,0.1289881524,0.0764041167,0.0981579194,0.0231535085,0.1527641139,0.0000889146,0.2666382253,0.4440300182,0.4949514832,0.0117096017,0.0009422406,0.1451547305,0.0008591065,0.1674527176,3.5460992248,0.0309050000,0.1808105738,0.0093632956,0.2832861190,0.3213006249,0.2747026317,1315.7000000078,2.5974026617,0.0005256518,0.0019637877,0.0339899050,0.1692047421,0.0521146836,0.0000475000,0.1204819249,1.4124293700,2.6532237550,0.0020557633,0.0076324223,0.1224290000,0.0063031833,0.6051437094,0.0003976143,0.3040530362,0.0128700134,0.3602317200,0.5983950000,0.0020557633,0.5403000000,0.1590407000,0.0001080000,0.1777872576,0.0004600000,0.6896551497,0.0124703825,0.0000400300,0.0235600000,0.0083298623,21.8950000000,0.0020253985,0.0088535100,0.8196721119,0.0095696000,0.0327869700,0.4524910100,0.0102617400,0.0467292300,0.0176145000,0.0006644518,0.0113003658,0.1557666400,0.3905503776,0.0006250000,0.0096665056,0.3703700000,0.1261909400,0.0101317126,0.1447253800,0.0027631943,0.5000000000,1.0000000000,0.0001265000,0.8046023253,0.1161993900,0.0489716000,0.0002259700,0.0526703100,0.0981579194,0.3837545000,0.2271440000,0.1252312160,0.0399920000,1.0000000000,0.0064775000,1.0000000000,0.6894731873,0.0049270000,0.0046554934,0.0004570000,1.1973579218,0.0335570000,0.0118230600,0.0832085500,0.0024675600,0.1355896468,1.2748605000,0.0002305000,0.5640000105,0.4884444284,0.0025353000,0.0283160000,0.0006450000,0.0008150000,0.0230414700,0.0001424200,0.0649772600,0.0005933000,0.0010882700,0.0000559284,0.2095428000,0.0075539770,0.0010288100,0.0981579194,0.0123456800,0.0206180000,1.5936000000,1454.3100000007,0.0774905100,0.0377358491,0.0002485000,0.0223865000,0.0104660100,0.0033557047,0.5586590000,0.0981579194,0.0123890000,0.3076923077,741.2749999978,0.1142857143,1.0000000000,1.5299878000,0.0014859400,0.5586592179,0.0055866400,0.0161961680,0.0027410178,0.4235000014,6.0000000000,0.0955110100,1.5936000000,1.5936000000,1.5936000000,0.3508771930,0.9431500000,1.5936000000,1.5936000000
2013-11-21,1.0000000000,1.3472553276,1.6155963961,0.0158904134,0.9249925856,0.9515842325,0.8001740542,1.0934842959,0.3119152292,0.0099067456,0.1641470068,0.8209600922,0.0314130750,0.0045147965,0.2722570184,0.1289895939,0.0765267912,0.0985466579,0.0228544406,0.1503249144,0.0000867528,0.2666207591,0.4333365117,0.4951195676,0.0115740800,0.0009410141,0.1447705000,0.0008581900,0.1636855065,3.5287087693,0.0302782976,0.1806159154,0.0092893681,0.2807215408,0.3210336864,0.2746535978,1241.7814776148,2.5977400100,0.0005177234,0.0019157093,0.0338245818,0.1650715160,0.0494282009,0.0000474100,0.1202403765,1.4124300807,2.6524542000,0.0020538775,0.0076277700,0.1216841600,0.0062893100,0.5948840000,0.0003952600,0.3027513800,0.0127980700,0.3567617499,0.5959184500,0.0020538775,0.5466015000,0.1588915001,0.0001071800,0.1754183508,0.0004609100,0.6888420945,0.0124970288,0.0000402300,0.0235995000,0.0082000900,19.9028871266,0.0020072300,0.0088535100,0.7995011002,0.0095194900,0.0327869700,0.4439533500,0.0102512200,0.0481930000,0.0175808900,0.0006640000,0.0112899996,0.1560096600,0.3901921130,0.0006230000,0.0096038900,0.3703703700,0.1262546600,0.0098855700,0.1447253800,0.0027631943,0.5000000000,1.0000000000,0.0001257200,0.8001740542,0.1161535151,0.0487329400,0.0002259900,0.0525002600,0.0985466579,0.3887553500,0.2271440000,0.1252326155,0.0398644701,1.0000000000,0.0065421500,1.0000000000,0.6888407109,0.0048745100,0.0046488894,0.0004450400,1.2195122000,0.0333112200,0.0118049100,0.0831950063,0.0024695100,0.1394500000,1.2748602900,0.0002295700,0.5480000000,0.5025252600,0.0024786600,0.0262512400,0.0006480900,0.0008038585,0.0244119800,0.0001424300,0.0650195099,0.0005788700,0.0010853600,0.0000551800,0.2095559700,0.0075355185,0.0010267000,0.0985466579,0.0124254500,0.0204811400,1.6155963961,1392.6229685248,0.0768650900,0.0377358491,0.0002491900,0.0218603700,0.0105820000,0.0033333500,0.5586592200,0.0985466579,0.0123339700,0.3053783900,714.9841754015,0.1142857143,1.0000000000,1.5284680000,0.0014870600,0.5586592179,0.0056101500,0.0158904134,0.0027385033,0.4328000000,6.0000000000,0.0955110100,1.6155963961,1.6155963961,1.6155963961,0.3508771930,0.9249925856,1.6155963961,1.6155963961
2013-12-09,1.0000000000,1.3726225321,1.6399166698,0.0163932901,0.9084366673,0.9395590760,0.8004354860,1.1216994975,0.3121799259,0.0096874509,0.1647477469,0.8270770537,0.0310941178,0.0045419753,0.2722607324,0.1289776960,0.0778095604,0.0963673402,0.0226731646,0.1530174410,0.0000844055,0.2666275628,0.4310438114,0.4921109395,0.0115340258,0.0009523283,0.1451589503,0.0008597713,0.1628122492,3.5335689999,0.0305271074,0.1839895632,0.0092421444,0.2861565506,0.3279280614,0.2747026317,1234.4044908138,2.5980775991,0.0005175386,0.0018888594,0.0338532999,0.1602050720,0.0499691656,0.0000473821,0.1218792577,1.4119308430,2.6518165587,0.0020925496,0.0076452600,0.1226091201,0.0063051700,0.6007810160,0.0003963535,0.3081514804,0.0128691844,0.3570791037,0.5868432400,0.0020925496,0.5425980000,0.1590406622,0.0001065814,0.1796079965,0.0004629000,0.7018009895,0.0125313279,0.0000402641,0.0235849048,0.0084566700,19.7450428816,0.0020116676,0.0088535100,0.8054773096,0.0095210893,0.0325732891,0.4324324324,0.0102512700,0.0472813205,0.0184257078,0.0006651147,0.0115025768,0.1555209880,0.3975389632,0.0006228589,0.0097752300,0.3703703700,0.1271940984,0.0101732100,0.1447178035,0.0027631943,0.5000000000,1.0000000000,0.0001248050,0.8004354860,0.1151435000,0.0487685905,0.0002207506,0.0523984700,0.0963673402,0.3949959900,0.2271440000,0.1252210641,0.0389105047,1.0000000000,0.0064798310,1.0000000000,0.7018107566,0.0048732944,0.0046533273,0.0004428698,1.2195120000,0.0334448165,0.0119288300,0.0842815018,0.0024582200,0.1387500000,1.2750228300,0.0002298851,0.5381000042,0.5007009783,0.0023929170,0.0259201647,0.0006493506,0.0008438819,0.0241558100,0.0001465201,0.0651465782,0.0005856515,0.0010881393,0.0000559128,0.2094725700,0.0077538566,0.0010162602,0.0963673402,0.0122729499,0.0202634200,1.6399166698,1371.9834339802,0.0766283514,0.0377358491,0.0002504383,0.0223214271,0.0104712042,0.0034423408,0.5634755404,0.0963673402,0.0124843936,0.3053435026,736.5934536103,0.1142857143,1.0000000000,1.5395273800,0.0014970060,0.5586592179,0.0055325035,0.0163932901,0.0027900661,0.4298000038,6.0000000000,0.0955110100,1.6399166698,1.6399166698,1.6399166698,0.3508771930,0.9084366673,1.6399166698,1.6399166698
2013-12-27,1.0000000000,1.3767796739,1.6490961000,0.0161415717,0.8887221591,0.9348769016,0.7888557079,1.1245655247,0.3040180908,0.0095182902,0.1647866192,0.8181090389,0.0304357935,0.0046478031,0.2722461780,0.1289510196,0.0764885219,0.0952565604,0.0225448674,0.1535933856,0.0000819237,0.2666293152,0.4248707385,0.4645163507,0.0116271014,0.0009483896,0.1440818342,0.0008595971,0.1632134218,3.5414558813,0.0306925676,0.1845494675,0.0094785804,0.2870821023,0.3318184509,0.2746127227,1214.9813115295,2.5967416547,0.0005203360,0.0019081931,0.0333139244,0.1539067826,0.0501780828,0.0000474486,0.1224333099,1.4128690431,2.6518336682,0.0020988871,0.0076481900,0.1214329148,0.0062268049,0.6091989971,0.0003995198,0.3082715598,0.0129479530,0.3589995577,0.5763416600,0.0020988871,0.5343060200,0.1590338117,0.0001052232,0.1802815279,0.0004541000,0.7039229490,0.0127500445,0.0000403205,0.0235283253,0.0085873800,20.0679771940,0.0019988804,0.0088535100,0.8100446194,0.0094491464,0.0329004101,0.4250344523,0.0102453900,0.0471698200,0.0178989725,0.0006633851,0.0115374137,0.1555404760,0.3987429547,0.0006323110,0.0098378300,0.3703703700,0.1276242781,0.0100961700,0.1447181065,0.0027631943,0.5000000000,1.0000000000,0.0001246310,0.7888557079,0.1151994500,0.0492029109,0.0002167220,0.0522301700,0.0952565604,0.3999994300,0.2271440000,0.1251951647,0.0387579993,1.0000000000,0.0064890900,1.0000000000,0.7039362695,0.0048669451,0.0046553442,0.0004444509,1.2195120000,0.0334203423,0.0120113026,0.0824851060,0.0024690000,0.1391000000,1.2746977800,0.0002303941,0.5382000100,0.5007496181,0.0023187060,0.0259200744,0.0006493484,0.0008203445,0.0233618733,0.0001462904,0.0650634987,0.0006150166,0.0010958717,0.0000562496,0.2095164600,0.0078058428,0.0010101126,0.0952565604,0.0122776551,0.0202020200,1.6490961000,1377.5886330909,0.0766283965,0.0377358491,0.0002495635,0.0224067590,0.0103792877,0.0034416689,0.5631898787,0.0952565604,0.0126557469,0.3053518967,711.5942355401,0.1142857143,1.0000000000,1.5411882700,0.0014792046,0.5586592179,0.0055265003,0.0161415717,0.0027985161,0.4307999956,6.0000000000,0.0955110100,1.6490961000,1.6490961000,1.6490961000,0.3508771930,0.8887221591,1.6490961000,1.6490961000
