Date,Open,High,Low,Close,Volume
11-Dec-14,160.82,162.93,160.52,161.07,3989571
10-Dec-14,163.01,163.33,160.03,160.51,4082384
9-Dec-14,160.84,163.02,160.80,162.99,3865905
8-Dec-14,163.29,163.29,161.54,161.86,2851383
5-Dec-14,163.61,164.50,162.91,163.27,3013500
4-Dec-14,164.01,164.50,163.01,164.05,3862916
3-Dec-14,162.47,164.52,162.00,164.52,6434994
2-Dec-14,162.47,162.73,161.64,162.67,3465747
1-Dec-14,161.64,163.32,161.35,161.54,4168384
28-Nov-14,162.75,163.37,161.44,162.17,2405512
26-Nov-14,161.93,162.10,161.01,161.95,3967223
25-Nov-14,162.65,163.50,161.56,161.76,4062378
24-Nov-14,161.54,163.86,161.06,162.15,6619032
21-Nov-14,161.83,161.95,160.75,160.92,4076875
20-Nov-14,160.95,161.50,159.80,160.64,4183102
19-Nov-14,162.05,162.10,160.96,161.43,3802631
18-Nov-14,164.73,164.75,161.89,161.89,5412495
17-Nov-14,164.16,164.97,163.72,164.16,4798933
14-Nov-14,162.10,164.49,161.69,164.16,4978415
13-Nov-14,162.00,162.80,161.80,162.79,3239726
12-Nov-14,162.28,163.00,161.76,161.92,3378229
11-Nov-14,163.70,163.90,162.60,163.30,3535694
10-Nov-14,161.90,164.47,161.61,163.49,4958236
7-Nov-14,161.42,162.21,160.85,162.07,3494803
6-Nov-14,161.28,161.53,160.05,161.46,4067641
5-Nov-14,163.13,163.54,161.56,161.82,4104747
4-Nov-14,164.34,164.36,162.24,162.65,4247079
3-Nov-14,164.25,164.54,163.38,164.36,4690274
31-Oct-14,165.48,165.59,163.62,164.40,5818375
30-Oct-14,163.50,164.62,163.02,164.35,3895979
29-Oct-14,164.33,164.62,162.76,163.46,4741689
28-Oct-14,162.00,163.60,161.80,163.60,7896863
27-Oct-14,162.00,162.91,161.81,161.87,4989437
24-Oct-14,162.10,162.44,161.45,162.08,6652379
23-Oct-14,162.12,162.83,161.54,162.18,7600270
22-Oct-14,162.41,165.41,161.10,161.79,11091424
21-Oct-14,166.40,166.68,161.68,163.23,20953605
20-Oct-14,166.84,170.33,166.69,169.10,23416511
17-Oct-14,181.24,182.84,180.22,182.05,4354442
16-Oct-14,179.80,181.48,178.69,179.84,5578683
15-Oct-14,182.46,183.79,178.75,181.75,6897656
14-Oct-14,184.89,185.72,183.59,183.80,3924974
13-Oct-14,185.49,186.65,183.42,183.52,3599924
10-Oct-14,185.86,187.74,185.10,185.93,5090345
9-Oct-14,189.12,189.50,186.09,186.42,2625609
8-Oct-14,185.97,189.60,185.61,189.36,2985329
7-Oct-14,187.77,188.12,185.54,185.71,2994065
6-Oct-14,189.69,190.89,188.71,189.04,2100191
3-Oct-14,188.11,189.37,187.56,188.67,3071521
2-Oct-14,187.66,187.78,186.24,186.91,2283619
1-Oct-14,189.91,190.40,186.79,187.17,3723192
30-Sep-14,189.64,190.85,189.15,189.83,2932556
29-Sep-14,188.51,189.96,188.12,189.64,2344723
26-Sep-14,188.93,190.33,188.61,190.06,2494024
25-Sep-14,192.05,192.50,188.97,189.01,4158816
24-Sep-14,191.00,192.45,189.88,192.31,3082594
23-Sep-14,192.75,193.07,191.52,191.62,3301797
22-Sep-14,193.72,194.14,192.63,193.11,3317962
19-Sep-14,194.54,195.00,193.19,194.00,8854514
18-Sep-14,192.79,194.13,192.71,193.75,2963446
17-Sep-14,193.22,193.64,192.30,192.80,3214117
16-Sep-14,191.25,193.57,190.82,192.96,2561528
15-Sep-14,191.42,192.49,190.58,191.81,2457803
12-Sep-14,191.47,191.60,190.57,191.28,2900967
11-Sep-14,191.08,192.78,190.12,191.72,2299390
10-Sep-14,190.12,192.15,190.10,191.54,2765324
9-Sep-14,190.34,190.74,189.78,189.99,2403631
8-Sep-14,190.75,191.20,189.51,190.14,2525626
5-Sep-14,190.53,191.75,190.09,191.20,2261215
4-Sep-14,191.69,192.69,190.06,190.68,2868754
3-Sep-14,192.39,192.95,191.86,191.95,1824378
2-Sep-14,192.68,192.97,190.93,191.56,2679659
29-Aug-14,192.28,192.75,191.14,192.30,2911097
28-Aug-14,191.47,192.30,190.66,192.00,1503582
27-Aug-14,193.03,194.13,191.56,192.25,2190285
26-Aug-14,191.02,193.53,191.02,192.99,3175399
25-Aug-14,191.39,191.81,190.71,191.16,1726100
22-Aug-14,190.77,191.88,190.29,190.41,1940434
21-Aug-14,190.90,192.07,190.50,191.23,2497985
20-Aug-14,189.86,190.39,189.25,190.10,2177702
19-Aug-14,190.04,190.25,189.36,190.07,2040117
18-Aug-14,188.10,189.81,187.76,189.36,2420398
15-Aug-14,187.85,188.88,186.79,187.38,2815822
14-Aug-14,187.57,188.17,186.93,187.88,1929581
13-Aug-14,188.00,188.48,187.37,187.95,1797016
12-Aug-14,187.45,188.69,186.81,187.34,1858635
11-Aug-14,187.81,188.36,186.28,187.47,2527208
8-Aug-14,184.40,186.67,183.58,186.63,2781936
7-Aug-14,186.64,186.68,183.58,184.30,2708935
6-Aug-14,185.36,186.88,184.44,185.97,3847046
5-Aug-14,188.75,189.20,186.44,187.10,3307945
4-Aug-14,189.35,189.95,188.60,189.64,2125935
1-Aug-14,190.50,191.50,188.86,189.15,5181080
31-Jul-14,192.84,194.29,191.54,191.67,4208005
30-Jul-14,195.20,195.99,192.90,194.00,3945601
29-Jul-14,195.30,195.89,194.54,194.57,3264409
28-Jul-14,194.30,196.40,193.65,195.78,3242443
25-Jul-14,195.30,195.90,193.79,194.40,3376455
24-Jul-14,193.95,195.62,193.75,195.24,3612656
23-Jul-14,194.11,194.90,193.57,193.63,3584465
22-Jul-14,191.59,194.72,191.56,194.09,4853041
21-Jul-14,191.30,191.70,189.25,190.85,4154740
18-Jul-14,191.96,193.44,190.00,192.50,8169325
17-Jul-14,192.36,195.95,192.00,192.49,8872269
16-Jul-14,192.24,193.36,190.76,192.36,7815648
15-Jul-14,189.54,190.08,188.21,188.49,4873452
14-Jul-14,188.55,190.44,188.53,189.86,4502202
11-Jul-14,187.73,188.35,186.70,188.00,2403840
10-Jul-14,186.44,188.05,186.21,187.70,3177816
9-Jul-14,187.68,188.90,186.89,188.42,3309559
8-Jul-14,187.65,188.08,186.37,187.22,3135115
7-Jul-14,187.61,188.27,187.44,188.04,2958947
3-Jul-14,188.39,188.81,187.35,188.53,2422363
2-Jul-14,186.34,188.99,186.17,188.39,5097199
1-Jul-14,181.70,187.27,181.70,186.35,6644363
30-Jun-14,181.33,181.93,180.26,181.27,4228836
27-Jun-14,179.77,182.46,179.66,181.71,4575680
26-Jun-14,180.87,181.37,179.27,180.37,3258470
25-Jun-14,180.25,180.97,180.06,180.72,2763020
24-Jun-14,181.50,183.00,180.65,180.88,3875453
23-Jun-14,181.92,182.25,181.00,182.14,3231699
20-Jun-14,182.59,182.67,181.40,181.55,10686834
19-Jun-14,184.12,184.47,182.36,182.82,3551276
18-Jun-14,182.04,183.61,181.79,183.60,3935653
17-Jun-14,181.90,182.81,181.56,182.26,2460857
16-Jun-14,182.40,182.71,181.24,182.35,3556218
13-Jun-14,182.00,183.00,181.52,182.56,2778984
12-Jun-14,182.48,182.55,180.91,181.22,4425491
11-Jun-14,183.61,184.20,182.01,182.25,4065310
10-Jun-14,186.20,186.22,183.82,184.29,4157062
9-Jun-14,186.22,187.64,185.96,186.22,2728403
6-Jun-14,186.47,187.65,185.90,186.37,3296900
5-Jun-14,184.66,186.09,183.92,185.98,2861974
4-Jun-14,184.71,185.45,184.20,184.51,2376981
3-Jun-14,185.55,185.76,184.12,184.37,2517123
2-Jun-14,184.76,186.28,184.67,185.69,3204034
30-May-14,183.38,184.57,182.49,184.36,4620207
29-May-14,183.64,183.78,182.33,183.76,2759978
28-May-14,184.48,184.88,182.94,183.08,3724124
27-May-14,184.80,185.65,183.93,184.78,4794501
23-May-14,185.84,186.14,185.31,185.94,2563424
22-May-14,186.45,186.45,185.03,185.68,2218149
21-May-14,185.85,187.16,184.95,186.39,2988348
20-May-14,186.25,186.70,184.70,184.89,3032896
19-May-14,186.61,187.13,186.04,187.00,3270670
16-May-14,186.27,187.41,185.93,187.06,3949644
15-May-14,189.07,189.08,186.18,186.46,4202556
14-May-14,191.91,191.99,188.17,188.72,5255970
13-May-14,192.79,193.03,191.76,192.19,2226997
12-May-14,191.12,193.02,190.94,192.57,3778611
9-May-14,188.98,190.59,188.37,190.08,2261739
8-May-14,189.16,190.57,188.23,188.91,2431945
7-May-14,189.34,190.30,186.93,189.30,3821023
6-May-14,190.93,190.95,189.25,190.03,3188706
5-May-14,191.05,191.49,189.80,191.26,2222168
2-May-14,193.75,193.84,191.25,191.44,3052953
1-May-14,196.31,196.74,193.15,193.53,3675823
30-Apr-14,194.38,196.86,194.35,196.47,4211284
29-Apr-14,193.59,195.94,193.41,195.11,4626352
28-Apr-14,191.14,193.99,190.58,193.14,5638334
25-Apr-14,190.54,190.67,189.11,189.63,3871407
24-Apr-14,192.22,192.22,190.03,190.22,4407352
23-Apr-14,191.79,192.41,190.11,191.73,4736919
22-Apr-14,192.01,193.00,191.20,192.15,3878619
21-Apr-14,189.80,192.80,189.74,192.27,5425283
17-Apr-14,187.25,190.70,187.01,190.01,11255493
16-Apr-14,198.05,198.71,195.00,196.40,8527295
15-Apr-14,195.98,197.41,195.42,197.02,5353177
14-Apr-14,196.24,198.24,195.88,197.77,5433621
11-Apr-14,195.04,197.00,194.27,195.19,4835214
10-Apr-14,196.06,199.21,195.66,195.68,8425601
9-Apr-14,193.88,197.00,193.60,196.64,5485124
8-Apr-14,193.89,194.17,192.69,193.29,5125001
7-Apr-14,191.72,195.31,191.57,194.52,6747080
4-Apr-14,193.12,193.97,191.28,191.77,6090863
3-Apr-14,193.20,193.38,192.35,192.69,4091060
2-Apr-14,194.24,194.50,192.49,193.55,4924133
1-Apr-14,193.12,195.13,192.78,194.50,5395346
31-Mar-14,191.64,193.77,191.40,192.49,8537746
28-Mar-14,189.94,192.62,189.11,190.45,5194443
27-Mar-14,191.91,192.67,189.32,189.83,6767653
26-Mar-14,194.98,195.63,191.96,192.62,6851772
25-Mar-14,188.76,195.40,188.70,195.04,10912699
24-Mar-14,187.43,189.44,187.37,188.25,5738492
21-Mar-14,188.50,188.70,186.40,186.67,12535281
20-Mar-14,184.47,188.26,184.17,187.90,5062629
19-Mar-14,185.60,186.70,183.50,184.71,4323930
18-Mar-14,185.99,187.90,185.54,186.81,3961319
17-Mar-14,182.66,186.35,182.66,185.81,4938754
14-Mar-14,183.89,184.29,182.21,182.21,5490326
13-Mar-14,186.41,187.00,183.71,183.90,4913208
12-Mar-14,186.01,187.45,185.89,186.22,4833158
11-Mar-14,187.41,188.45,186.04,186.76,4229679
10-Mar-14,187.55,188.37,185.85,186.39,4594054
7-Mar-14,188.35,188.92,187.18,187.68,4117826
6-Mar-14,187.37,188.39,186.90,187.64,3817529
5-Mar-14,186.57,187.95,186.40,187.14,3487359
4-Mar-14,185.81,187.16,185.68,186.44,4734235
3-Mar-14,183.33,184.64,182.82,184.26,3952704
28-Feb-14,185.38,186.12,183.65,185.17,4668452
27-Feb-14,183.83,185.95,183.81,185.27,3827965
26-Feb-14,183.94,185.28,183.56,184.06,3740884
25-Feb-14,183.52,184.60,182.88,183.23,3902332
24-Feb-14,182.82,185.16,182.82,183.45,4595312
21-Feb-14,184.25,185.71,182.62,182.79,5699331
20-Feb-14,182.96,184.86,182.79,184.26,4968267
19-Feb-14,182.74,185.65,182.41,182.95,4671705
18-Feb-14,183.18,184.00,182.32,183.19,4435484
14-Feb-14,181.26,184.43,180.99,183.69,4665873
13-Feb-14,178.22,182.36,177.86,181.84,4482761
12-Feb-14,179.52,181.25,179.26,180.24,3984148
11-Feb-14,176.81,180.39,176.80,179.70,4654207
10-Feb-14,176.97,177.65,176.25,177.14,3544486
7-Feb-14,175.64,177.56,175.07,177.25,4725647
6-Feb-14,173.97,174.85,173.79,174.67,4292478
5-Feb-14,172.19,174.97,172.19,174.24,4714375
4-Feb-14,173.53,173.75,172.36,172.84,4351180
3-Feb-14,176.02,176.02,172.72,172.90,7187767
31-Jan-14,176.11,177.84,175.34,176.68,5195381
30-Jan-14,177.17,177.86,176.36,177.36,4854397
29-Jan-14,175.98,178.53,175.89,176.40,4971142
28-Jan-14,178.05,178.45,176.16,176.85,5336989
27-Jan-14,179.60,179.65,177.66,177.90,5209244
24-Jan-14,181.25,182.81,179.64,179.64,6938768
23-Jan-14,181.43,183.72,180.71,182.73,6974334
22-Jan-14,181.28,183.50,179.67,182.25,13800586
21-Jan-14,190.23,190.39,186.79,188.43,11121410
17-Jan-14,188.04,190.81,187.86,190.09,7671146
16-Jan-14,187.53,188.99,186.80,188.76,4775167
15-Jan-14,185.82,188.65,185.49,187.74,4829291
14-Jan-14,185.06,186.43,183.88,185.92,4619509
13-Jan-14,186.26,186.95,183.86,184.16,5789107
10-Jan-14,188.31,188.57,186.28,187.26,4023089
9-Jan-14,189.02,189.50,186.55,187.38,4322284
8-Jan-14,189.33,189.42,187.26,187.97,4604105
7-Jan-14,186.39,190.35,186.38,189.71,5934322
6-Jan-14,187.15,187.36,185.30,186.00,4068105
3-Jan-14,185.83,187.35,185.30,186.64,4064095
2-Jan-14,187.21,187.40,185.20,185.53,4546809
31-Dec-13,186.49,187.79,186.30,187.57,3620413
30-Dec-13,185.32,186.70,184.67,186.41,3018594
27-Dec-13,185.84,186.50,184.56,185.08,3382117
26-Dec-13,183.56,185.56,183.51,185.35,3325841
24-Dec-13,181.96,183.50,181.91,183.22,1613614
23-Dec-13,181.05,182.93,180.61,182.23,4082821
20-Dec-13,180.08,182.00,180.02,180.02,7655998
19-Dec-13,177.88,180.54,177.88,180.22,5929584
18-Dec-13,176.45,178.74,174.85,178.70,5698437
17-Dec-13,177.36,177.49,175.12,175.76,5476405
16-Dec-13,173.04,178.35,172.73,177.85,7521001
13-Dec-13,173.52,174.38,172.73,172.80,4184836
12-Dec-13,175.06,175.80,173.30,173.37,5671649
11-Dec-13,177.00,177.76,175.10,175.20,4090438
10-Dec-13,176.88,177.67,176.06,177.12,4128386
9-Dec-13,177.99,178.15,176.83,177.46,3796620
6-Dec-13,176.70,178.00,176.01,177.67,4741119
5-Dec-13,176.15,176.86,175.28,176.08,4385041
4-Dec-13,175.37,177.50,175.16,175.74,5267364
3-Dec-13,177.00,178.23,175.64,176.08,5864045
2-Dec-13,179.46,179.59,177.12,177.48,4561577
29-Nov-13,179.21,180.76,179.00,179.68,2870500
27-Nov-13,177.83,180.18,177.82,178.97,4596474
26-Nov-13,178.67,178.94,177.31,177.31,5756174
25-Nov-13,180.25,180.75,177.82,178.94,7162374
22-Nov-13,183.50,184.99,179.92,181.30,7610518
21-Nov-13,185.54,185.75,183.41,184.13,4459451
20-Nov-13,185.22,186.24,184.64,185.19,3646117
19-Nov-13,184.63,186.20,184.15,185.25,4577037
18-Nov-13,183.52,184.99,183.27,184.47,5344864
15-Nov-13,182.38,183.28,181.16,183.19,5179511
14-Nov-13,180.48,183.20,179.66,182.21,6322676
13-Nov-13,182.27,183.55,181.59,183.55,4711276
12-Nov-13,182.53,184.05,182.26,183.07,4258623
11-Nov-13,180.19,183.39,180.04,182.88,5222299
8-Nov-13,178.83,180.08,177.35,179.99,6275035
7-Nov-13,179.60,181.39,179.60,180.00,5221281
6-Nov-13,177.91,179.75,177.78,179.19,4560659
5-Nov-13,179.54,179.80,177.71,177.85,6103386
4-Nov-13,179.90,180.80,179.34,180.27,3484345
1-Nov-13,179.81,180.34,178.88,179.23,3644628
31-Oct-13,179.65,181.67,179.04,179.21,4318185
30-Oct-13,181.69,182.18,179.86,180.15,5275922
29-Oct-13,177.62,182.32,177.50,182.12,8909330
28-Oct-13,177.04,177.89,176.20,177.35,3712733
25-Oct-13,178.43,179.10,176.26,176.85,4844399
24-Oct-13,176.43,177.89,176.25,177.80,5534885
23-Oct-13,175.09,175.99,174.40,175.77,5416339
22-Oct-13,173.35,175.57,172.95,174.97,6980623
21-Oct-13,174.42,174.75,172.63,172.86,7098685
18-Oct-13,174.80,175.00,173.25,173.78,10552466
17-Oct-13,173.84,177.00,172.57,174.83,22368939
16-Oct-13,185.42,186.73,184.99,186.73,6717979
15-Oct-13,185.74,185.94,184.22,184.66,3367275
14-Oct-13,185.41,186.99,184.42,186.97,2663207
11-Oct-13,185.25,186.23,184.12,186.16,3232828
10-Oct-13,183.17,184.77,182.36,184.77,3659606
9-Oct-13,179.37,181.67,179.10,181.32,4424359
8-Oct-13,181.89,181.99,178.71,178.72,5579833
7-Oct-13,181.85,183.31,181.85,182.01,3968362
4-Oct-13,184.17,185.13,183.58,184.10,2864163
3-Oct-13,184.70,184.96,183.00,183.86,3212240
2-Oct-13,185.54,186.31,184.41,184.96,3618459
1-Oct-13,185.34,186.65,184.65,186.38,2682184
30-Sep-13,185.56,186.74,184.34,185.18,3978234
27-Sep-13,188.87,188.94,186.45,186.92,3907904
26-Sep-13,190.10,191.76,189.46,190.22,2093584
25-Sep-13,190.14,190.62,188.50,189.47,2654833
24-Sep-13,190.93,191.56,189.66,189.97,3085242
23-Sep-13,190.06,192.41,189.33,190.99,3340891
20-Sep-13,193.96,194.43,190.02,190.02,8531193
19-Sep-13,194.18,194.89,193.22,193.39,3178067
18-Sep-13,192.60,194.89,192.00,194.42,3841926
17-Sep-13,193.42,194.15,191.83,192.16,2931728
16-Sep-13,193.70,194.81,192.61,193.15,3907186
13-Sep-13,191.21,193.10,191.00,192.17,3710354
12-Sep-13,190.96,191.32,189.85,190.73,3354845
11-Sep-13,186.83,190.87,186.82,190.70,4959558
10-Sep-13,187.20,187.65,186.37,186.60,3149830
9-Sep-13,183.68,185.49,183.31,184.98,3017439
6-Sep-13,184.65,184.99,182.65,183.03,2903717
5-Sep-13,183.35,185.00,183.07,184.15,2869883
4-Sep-13,183.58,184.19,182.31,183.13,2601909
3-Sep-13,183.63,184.32,182.51,183.96,3487469
30-Aug-13,182.75,182.99,181.51,182.27,2731141
29-Aug-13,181.96,183.70,181.44,182.64,2981180
28-Aug-13,182.68,183.47,181.10,182.16,3979196
27-Aug-13,183.63,184.50,182.57,182.74,3190642
26-Aug-13,185.27,187.00,184.68,184.74,2174908
23-Aug-13,185.34,185.74,184.57,185.42,2295092
22-Aug-13,185.65,186.25,184.25,185.19,2354836
21-Aug-13,184.67,186.57,184.28,184.86,3551207
20-Aug-13,184.37,185.63,183.17,184.56,3122098
19-Aug-13,185.30,186.50,183.98,184.23,3251127
16-Aug-13,185.54,186.46,185.34,185.34,3427964
15-Aug-13,186.23,187.00,185.45,185.79,3692360
14-Aug-13,188.58,188.93,187.30,187.53,2899115
13-Aug-13,189.54,189.99,187.56,188.42,3542932
12-Aug-13,186.97,189.56,186.89,189.09,3026839
9-Aug-13,188.00,189.16,187.00,187.82,3250000
8-Aug-13,189.45,189.87,186.79,187.93,4547756
7-Aug-13,189.60,189.93,188.05,188.56,3901716
6-Aug-13,192.26,192.51,190.27,190.99,5939557
5-Aug-13,195.16,195.88,194.35,195.50,2492663
2-Aug-13,195.50,195.50,193.22,195.16,3873908
1-Aug-13,196.65,197.17,195.41,195.81,2877770
31-Jul-13,194.49,196.91,194.49,195.04,3809982
30-Jul-13,196.99,197.83,195.81,196.01,2663216
29-Jul-13,196.83,197.19,195.53,196.21,2113754
26-Jul-13,196.59,197.37,195.00,197.35,2485006
25-Jul-13,196.30,197.83,195.66,197.22,3014255
24-Jul-13,195.95,197.30,195.86,196.61,2958239
23-Jul-13,194.21,196.43,194.10,194.98,2864114
22-Jul-13,193.40,195.79,193.28,194.09,3399461
19-Jul-13,197.91,197.99,193.24,193.54,6998591
18-Jul-13,198.27,200.94,195.99,197.99,8394310
17-Jul-13,194.72,194.89,193.03,194.55,6868411
16-Jul-13,194.04,194.58,192.68,193.85,3747394
15-Jul-13,192.42,194.89,191.68,194.00,5678238
12-Jul-13,193.07,193.70,191.59,192.07,4495892
11-Jul-13,193.78,194.11,192.61,192.80,4179123
10-Jul-13,191.51,193.43,191.27,192.25,3891960
9-Jul-13,191.88,192.80,190.78,191.30,5204685
8-Jul-13,195.60,195.78,194.61,194.98,2948458
5-Jul-13,194.49,195.16,192.35,194.93,2407971
3-Jul-13,190.98,194.22,190.51,193.25,1878313
2-Jul-13,190.78,193.23,190.26,191.50,3657855
1-Jul-13,192.15,193.80,191.12,191.28,4442422
28-Jun-13,191.73,192.66,188.41,191.11,10056856
27-Jun-13,196.05,196.90,195.29,195.65,3519332
26-Jun-13,195.97,196.23,194.50,194.86,3320202
25-Jun-13,195.31,195.59,193.15,194.98,3848021
24-Jun-13,193.99,194.91,191.34,193.54,4356153
21-Jun-13,198.50,198.52,193.54,195.46,8918918
20-Jun-13,200.67,201.70,197.28,197.35,4516329
19-Jun-13,204.44,205.03,201.93,201.94,2846204
18-Jun-13,203.02,206.09,202.87,204.87,3278151
17-Jun-13,203.44,205.17,202.55,203.04,3220009
14-Jun-13,203.97,204.74,201.81,202.20,2604459
13-Jun-13,201.01,204.40,200.34,203.77,2899698
12-Jun-13,204.59,205.23,200.51,201.20,3409855
11-Jun-13,203.17,205.95,202.51,203.98,2813120
10-Jun-13,206.97,206.98,204.90,205.02,2652420
7-Jun-13,204.85,206.35,204.11,206.35,2953540
6-Jun-13,203.23,204.20,201.47,203.80,3679532
5-Jun-13,205.16,206.29,202.40,202.74,4215365
4-Jun-13,208.60,209.00,205.08,206.19,3598659
3-Jun-13,208.25,210.05,207.33,208.95,3323648
31-May-13,208.59,211.98,208.02,208.02,4950406
30-May-13,206.97,210.99,206.97,209.36,4400197
29-May-13,206.22,208.42,206.04,207.92,3439413
28-May-13,207.44,208.59,207.16,207.78,4011700
24-May-13,204.69,206.43,204.42,205.72,3295737
23-May-13,205.48,208.61,205.13,206.16,5180440
22-May-13,208.50,210.15,206.12,206.99,5187131
21-May-13,207.24,209.48,207.00,208.65,2982927
20-May-13,208.02,209.15,207.42,207.60,3614453
17-May-13,205.25,209.50,204.99,208.44,5704295
16-May-13,204.00,206.59,204.00,204.69,4506972
15-May-13,202.25,203.68,202.04,203.32,4030080
14-May-13,202.09,203.67,202.08,203.21,3701203
13-May-13,204.18,204.47,202.22,202.47,3651831
10-May-13,203.37,204.53,202.82,204.47,3279558
9-May-13,204.69,205.00,202.72,203.24,3542923
8-May-13,202.94,204.85,202.51,204.82,3602292
7-May-13,202.81,203.73,201.65,203.63,3450976
6-May-13,203.79,203.99,201.52,202.78,4827188
3-May-13,203.94,205.32,203.75,204.51,4494744
2-May-13,200.12,202.43,199.75,202.39,3946539
1-May-13,201.87,202.17,199.20,199.63,4899267
30-Apr-13,199.13,202.59,197.35,202.54,7540835
29-Apr-13,194.78,199.68,194.65,199.15,5937395
26-Apr-13,194.16,194.71,193.25,194.31,3490234
25-Apr-13,192.69,195.17,192.32,193.95,4651956
24-Apr-13,192.16,192.50,191.09,191.71,3694008
23-Apr-13,189.27,192.56,188.61,191.61,6301279
22-Apr-13,191.15,191.38,187.68,187.83,9847065
19-Apr-13,195.74,196.50,189.76,190.00,18848883
18-Apr-13,210.11,210.25,206.15,207.15,6501970
17-Apr-13,210.53,211.09,209.50,209.67,3269874
16-Apr-13,210.84,212.00,209.20,212.00,2860054
15-Apr-13,210.44,211.69,209.26,209.26,4218575
12-Apr-13,210.79,211.49,209.78,211.38,3165897
11-Apr-13,211.50,213.09,210.85,212.92,3655566
10-Apr-13,211.86,212.51,210.47,212.00,3524112
9-Apr-13,209.56,210.00,208.61,209.22,2577249
8-Apr-13,209.07,209.32,207.33,209.32,2351166
5-Apr-13,209.10,209.84,206.34,209.41,4148177
4-Apr-13,212.77,212.93,210.04,211.31,3709490
3-Apr-13,214.32,214.89,212.63,212.66,3128818
2-Apr-13,212.92,214.71,211.57,214.36,3117150
1-Apr-13,212.80,213.50,211.25,212.38,2144926
28-Mar-13,209.83,213.44,209.74,213.30,3752999
27-Mar-13,210.96,212.16,210.10,210.89,3223381
26-Mar-13,211.77,212.50,211.50,212.36,2300240
25-Mar-13,212.54,212.81,210.05,210.74,3242463
22-Mar-13,212.21,213.17,211.62,212.08,3031457
21-Mar-13,212.96,213.00,210.11,212.26,5830566
20-Mar-13,214.76,215.82,214.30,215.06,3020648
19-Mar-13,214.13,215.12,211.83,213.44,3198877
18-Mar-13,212.90,214.50,212.64,213.21,3006125
15-Mar-13,215.38,215.90,213.41,214.92,7937244
14-Mar-13,212.15,215.86,212.15,215.80,5506969
13-Mar-13,210.20,212.36,209.77,212.06,3357146
12-Mar-13,209.40,210.73,209.09,210.55,3592096
11-Mar-13,210.04,210.20,209.04,210.08,3049701
8-Mar-13,209.85,210.74,209.43,210.38,3700986
7-Mar-13,208.29,209.60,208.24,209.42,3884317
6-Mar-13,207.03,208.49,206.66,208.38,3594899
5-Mar-13,205.86,207.70,205.69,206.53,3807706
4-Mar-13,202.59,205.19,202.55,205.19,3693365
1-Mar-13,200.65,202.94,199.36,202.91,3309434
28-Feb-13,202.18,203.12,200.79,200.83,4689998
27-Feb-13,198.89,202.75,198.60,202.33,4185545
26-Feb-13,198.63,199.90,197.84,199.14,3391562
25-Feb-13,201.67,202.49,197.51,197.51,3847976
22-Feb-13,199.23,201.09,198.84,201.09,3107976
21-Feb-13,198.63,199.07,198.11,198.33,3923051
20-Feb-13,200.62,201.72,198.86,199.31,3715411
19-Feb-13,200.60,201.89,200.22,200.32,2998317
15-Feb-13,199.98,201.25,199.82,200.98,3627887
14-Feb-13,199.73,200.32,199.26,199.65,3294126
13-Feb-13,200.65,200.95,199.57,200.09,2169757
12-Feb-13,200.01,200.74,199.02,200.04,2461779
11-Feb-13,200.98,201.95,199.75,200.16,2944651
8-Feb-13,199.97,202.09,199.68,201.68,2893254
7-Feb-13,200.62,200.91,198.68,199.74,3076793
6-Feb-13,200.39,201.29,199.56,201.02,3624203
5-Feb-13,204.31,204.75,202.51,202.79,3636837
4-Feb-13,204.19,205.02,203.57,203.79,3188819
1-Feb-13,204.65,205.35,203.84,205.18,3371154
31-Jan-13,203.32,204.47,202.96,203.07,3091506
30-Jan-13,203.69,204.88,203.19,203.52,2998524
29-Jan-13,204.34,205.73,203.64,203.90,3617743
28-Jan-13,204.85,206.22,204.29,204.93,2823715
25-Jan-13,204.45,205.18,204.13,204.97,3359187
24-Jan-13,203.91,205.06,203.08,204.42,4447452
23-Jan-13,203.50,208.58,203.36,204.72,12531796
22-Jan-13,194.36,196.08,194.01,196.08,7172283
18-Jan-13,194.03,195.00,193.80,194.47,4560073
17-Jan-13,193.85,194.46,193.24,193.65,3893754
16-Jan-13,192.00,193.18,191.35,192.59,2963020
15-Jan-13,191.31,192.73,190.39,192.50,4172034
14-Jan-13,192.82,193.28,191.75,192.62,4174712
11-Jan-13,194.15,195.00,192.90,194.45,3880667
10-Jan-13,192.65,192.96,191.28,192.88,3608049
9-Jan-13,193.48,193.49,191.65,192.32,3212230
8-Jan-13,192.92,193.30,191.60,192.87,3028071
7-Jan-13,193.40,193.78,192.34,193.14,2862276
4-Jan-13,194.19,194.46,192.78,193.99,3380159
3-Jan-13,195.67,196.29,194.44,195.27,3645161
2-Jan-13,194.09,196.35,193.80,196.35,4234226
31-Dec-12,189.23,191.68,188.84,191.55,4685773
28-Dec-12,191.11,192.22,189.83,189.83,3539396
27-Dec-12,191.53,193.28,190.70,192.71,3967531
26-Dec-12,192.21,193.53,190.95,191.95,2776550
24-Dec-12,193.05,193.83,192.02,192.40,1631202
21-Dec-12,193.10,194.50,191.57,193.42,8226623
20-Dec-12,194.47,194.95,193.16,194.77,4184552
19-Dec-12,195.46,196.45,195.00,195.08,4270591
18-Dec-12,193.85,195.92,193.84,195.69,4125879
17-Dec-12,191.76,193.91,191.76,193.62,3792450
14-Dec-12,191.69,193.40,191.26,191.76,3826833
13-Dec-12,192.18,193.05,191.37,191.99,3623185
12-Dec-12,194.60,194.75,192.46,192.95,4241964
